clients.path = src/test/resources/datafiles/clients-test.yml
accounts.path = src/test/resources/datafiles/accounts-test.yml
contacts.path = src/test/resources/datafiles/contacts-test.yml
operations.path = src/test/resources/datafiles/operations-test.yml
balances.path = src/test/resources/datafiles/balances-test.yml
access2.path = src/test/resources/datafiles/access2-test.yml
access3.path = src/test/resources/datafiles/access3-test.yml